INSERT INTO `account_info` (`account_id`,`code`,`created_date`,`holder`,`last_modified_date`,`name`,`type`) VALUES (1000,'A1000',NULL,'Anumod Purushotaman',NULL,'Intel','BILLABLE');
INSERT INTO `account_info` (`account_id`,`code`,`created_date`,`holder`,`last_modified_date`,`name`,`type`) VALUES (1001,'A1001',NULL,'Anumod Purushotaman',NULL,'Google','BILLABLE');
INSERT INTO `account_info` (`account_id`,`code`,`created_date`,`holder`,`last_modified_date`,`name`,`type`) VALUES (1002,'A1002',NULL,'Anumod Purushotaman',NULL,'iHeart Media','BILLABLE');
INSERT INTO `account_info` (`account_id`,`code`,`created_date`,`holder`,`last_modified_date`,`name`,`type`) VALUES (1003,'A1003',NULL,'Anumod Purushotaman',NULL,'Strategy Analytics','BILLABLE');
INSERT INTO `account_info` (`account_id`,`code`,`created_date`,`holder`,`last_modified_date`,`name`,`type`) VALUES (1004,'A1004',NULL,'Anumod Purushotaman',NULL,'Tracfone','BILLABLE');
INSERT INTO `account_info` (`account_id`,`code`,`created_date`,`holder`,`last_modified_date`,`name`,`type`) VALUES (1005,'A1005',NULL,'Dushyant Gupta',NULL,'HP','BILLABLE');
INSERT INTO `account_info` (`account_id`,`code`,`created_date`,`holder`,`last_modified_date`,`name`,`type`) VALUES (1006,'A1006',NULL,'Amit Kate',NULL,'Adelphi','BILLABLE');
INSERT INTO `account_info` (`account_id`,`code`,`created_date`,`holder`,`last_modified_date`,`name`,`type`) VALUES (1007,'A1007',NULL,'Amit Kate',NULL,'Advertiser Perceptions','BILLABLE');
INSERT INTO `account_info` (`account_id`,`code`,`created_date`,`holder`,`last_modified_date`,`name`,`type`) VALUES (1008,'A1008',NULL,'Amit Kate',NULL,'Greenberg','BILLABLE');
INSERT INTO `account_info` (`account_id`,`code`,`created_date`,`holder`,`last_modified_date`,`name`,`type`) VALUES (1009,'A1009',NULL,'Stephen Gumnit',NULL,'H&P','BILLABLE');
INSERT INTO `account_info` (`account_id`,`code`,`created_date`,`holder`,`last_modified_date`,`name`,`type`) VALUES (1010,'A1010',NULL,'Varun Vig',NULL,'The Planning Shop','BILLABLE');
INSERT INTO `account_info` (`account_id`,`code`,`created_date`,`holder`,`last_modified_date`,`name`,`type`) VALUES (1011,'A1011',NULL,'Shaikat Sen',NULL,'APS','BILLABLE');
INSERT INTO `account_info` (`account_id`,`code`,`created_date`,`holder`,`last_modified_date`,`name`,`type`) VALUES (1012,'A1012',NULL,'Shaikat Sen',NULL,'Flipkart','BILLABLE');
INSERT INTO `account_info` (`account_id`,`code`,`created_date`,`holder`,`last_modified_date`,`name`,`type`) VALUES (1013,'A1013',NULL,'Shaikat Sen',NULL,'Hersheys','BILLABLE');
INSERT INTO `account_info` (`account_id`,`code`,`created_date`,`holder`,`last_modified_date`,`name`,`type`) VALUES (1014,'A1014',NULL,'Shaikat Sen',NULL,'Lenovo','BILLABLE');
INSERT INTO `account_info` (`account_id`,`code`,`created_date`,`holder`,`last_modified_date`,`name`,`type`) VALUES (1015,'A1015',NULL,'Shaikat Sen',NULL,'PG&E','BILLABLE');
INSERT INTO `account_info` (`account_id`,`code`,`created_date`,`holder`,`last_modified_date`,`name`,`type`) VALUES (1016,'A1016',NULL,'Shaikat Sen',NULL,'P&G','BILLABLE');
INSERT INTO `account_info` (`account_id`,`code`,`created_date`,`holder`,`last_modified_date`,`name`,`type`) VALUES (1017,'A1017',NULL,'Shaikat Sen',NULL,'SRP','BILLABLE');
INSERT INTO `account_info` (`account_id`,`code`,`created_date`,`holder`,`last_modified_date`,`name`,`type`) VALUES (1018,'A1018',NULL,'Shaikat Sen',NULL,'Youtube','BILLABLE');
INSERT INTO `account_info` (`account_id`,`code`,`created_date`,`holder`,`last_modified_date`,`name`,`type`) VALUES (1019,'A1019',NULL,'Mike Page',NULL,'Link','BILLABLE');
INSERT INTO `account_info` (`account_id`,`code`,`created_date`,`holder`,`last_modified_date`,`name`,`type`) VALUES (1020,'A1020',NULL,'Silky Rout',NULL,'T-mobile','BILLABLE');
INSERT INTO `account_info` (`account_id`,`code`,`created_date`,`holder`,`last_modified_date`,`name`,`type`) VALUES (1021,'AA1021',NULL,'Silky Rout',NULL,'Microsoft','BILLABLE');
INSERT INTO `account_info` (`account_id`,`code`,`created_date`,`holder`,`last_modified_date`,`name`,`type`) VALUES (1022,'A1022',NULL,'Analytics',NULL,'Analytics','NONBILLABLE');
INSERT INTO `account_info` (`account_id`,`code`,`created_date`,`holder`,`last_modified_date`,`name`,`type`) VALUES (1023,'A1023',NULL,'Digital Analytics',NULL,'Digital Analytics','NONBILLABLE');
INSERT INTO `account_info` (`account_id`,`code`,`created_date`,`holder`,`last_modified_date`,`name`,`type`) VALUES (1024,'A1024',NULL,'Life Science',NULL,'Life Science','NONBILLABLE');
INSERT INTO `account_info` (`account_id`,`code`,`created_date`,`holder`,`last_modified_date`,`name`,`type`) VALUES (1025,'A1025',NULL,'BA',NULL,'BA','NONBILLABLE');
INSERT INTO `account_info` (`account_id`,`code`,`created_date`,`holder`,`last_modified_date`,`name`,`type`) VALUES (1026,'A1026',NULL,'CT',NULL,'CT','NONBILLABLE');
INSERT INTO `account_info` (`account_id`,`code`,`created_date`,`holder`,`last_modified_date`,`name`,`type`) VALUES (1027,'A1027',NULL,'BMI Accounts',NULL,'BMI Accounts','NONBILLABLE');
INSERT INTO `account_info` (`account_id`,`code`,`created_date`,`holder`,`last_modified_date`,`name`,`type`) VALUES (1028,'A1028',NULL,'BMI HR',NULL,'BMI HR','NONBILLABLE');
INSERT INTO `account_info` (`account_id`,`code`,`created_date`,`holder`,`last_modified_date`,`name`,`type`) VALUES (1029,'A1029',NULL,'BMI IT',NULL,'BMI IT','NONBILLABLE');
INSERT INTO `account_info` (`account_id`,`code`,`created_date`,`holder`,`last_modified_date`,`name`,`type`) VALUES (1030,'A1030',NULL,'Marketing',NULL,'Marketing','NONBILLABLE');


Insert into bops.PROJECT_TEAM_INFO (TEAM_ID,CODE,CREATED_DATE,LAST_MODIFIED_DATE,NAME,POC) values (1000,'T1000',null,null,'Advanced Analytics','Udayan');
Insert into bops.PROJECT_TEAM_INFO (TEAM_ID,CODE,CREATED_DATE,LAST_MODIFIED_DATE,NAME,POC) values (1001,'T1001',null,null,'ORMT',null);
Insert into bops.PROJECT_TEAM_INFO (TEAM_ID,CODE,CREATED_DATE,LAST_MODIFIED_DATE,NAME,POC) values (1008,'T1008',null,null,'Horizontal',null);
Insert into bops.PROJECT_TEAM_INFO (TEAM_ID,CODE,CREATED_DATE,LAST_MODIFIED_DATE,NAME,POC) values (1009,'T1009',null,null,'Internal',null);
Insert into bops.PROJECT_TEAM_INFO (TEAM_ID,CODE,CREATED_DATE,LAST_MODIFIED_DATE,NAME,POC) values (1002,'T1002',null,null,'CRT',null);
Insert into bops.PROJECT_TEAM_INFO (TEAM_ID,CODE,CREATED_DATE,LAST_MODIFIED_DATE,NAME,POC) values (1003,'T1003',null,null,'Consumer Campaign',null);
Insert into bops.PROJECT_TEAM_INFO (TEAM_ID,CODE,CREATED_DATE,LAST_MODIFIED_DATE,NAME,POC) values (1004,'T1004',null,null,'C+E',null);
Insert into bops.PROJECT_TEAM_INFO (TEAM_ID,CODE,CREATED_DATE,LAST_MODIFIED_DATE,NAME,POC) values (1005,'T1005',null,null,'WDG',null);
Insert into bops.PROJECT_TEAM_INFO (TEAM_ID,CODE,CREATED_DATE,LAST_MODIFIED_DATE,NAME,POC) values (1006,'T1006',null,null,'ROaD',null);
Insert into bops.PROJECT_TEAM_INFO (TEAM_ID,CODE,CREATED_DATE,LAST_MODIFIED_DATE,NAME,POC) values (1007,'T1007',null,null,'RIO',null);

Insert into bops.PROJECT_SUBTEAM_INFO (SUB_TEAM_ID,CODE,CREATED_DATE,LAST_MODIFIED_DATE,NAME,PO_ID,TEAM_ID) values (1000,'T1000',null,null,'Analytics Viz','PO-Analytics Viz-97527398',1000);
Insert into bops.PROJECT_SUBTEAM_INFO (SUB_TEAM_ID,CODE,CREATED_DATE,LAST_MODIFIED_DATE,NAME,PO_ID,TEAM_ID) values (1001,'T1001',null,null,'Email Tracker','PO-Email Tracker-97539335',1001);
Insert into bops.PROJECT_SUBTEAM_INFO (SUB_TEAM_ID,CODE,CREATED_DATE,LAST_MODIFIED_DATE,NAME,PO_ID,TEAM_ID) values (1002,'T1002',null,null,'DSST','PO-DSST-97518576',1001);
Insert into bops.PROJECT_SUBTEAM_INFO (SUB_TEAM_ID,CODE,CREATED_DATE,LAST_MODIFIED_DATE,NAME,PO_ID,TEAM_ID) values (1003,'T1003',null,null,'Commercial Campaign','PO-Commercial Campaign-97550980',1001);
Insert into bops.PROJECT_SUBTEAM_INFO (SUB_TEAM_ID,CODE,CREATED_DATE,LAST_MODIFIED_DATE,NAME,PO_ID,TEAM_ID) values (1004,'T1004',null,null,'CRT CPE','PO-CRT CPE-97532856',1002);
Insert into bops.PROJECT_SUBTEAM_INFO (SUB_TEAM_ID,CODE,CREATED_DATE,LAST_MODIFIED_DATE,NAME,PO_ID,TEAM_ID) values (1005,'T1005',null,null,'Consumer Campaign','PO-Consumer Campaign-97518686',1003);
Insert into bops.PROJECT_SUBTEAM_INFO (SUB_TEAM_ID,CODE,CREATED_DATE,LAST_MODIFIED_DATE,NAME,PO_ID,TEAM_ID) values (1006,'T1006',null,null,'DSI','PO-DSI-97532863',1004);
Insert into bops.PROJECT_SUBTEAM_INFO (SUB_TEAM_ID,CODE,CREATED_DATE,LAST_MODIFIED_DATE,NAME,PO_ID,TEAM_ID) values (1007,'T1007',null,null,'IT PET','PO-IT PET-97532863',1004);
Insert into bops.PROJECT_SUBTEAM_INFO (SUB_TEAM_ID,CODE,CREATED_DATE,LAST_MODIFIED_DATE,NAME,PO_ID,TEAM_ID) values (1008,'T1008',null,null,'MTS','PO-MTS-97532863',1004);
Insert into bops.PROJECT_SUBTEAM_INFO (SUB_TEAM_ID,CODE,CREATED_DATE,LAST_MODIFIED_DATE,NAME,PO_ID,TEAM_ID) values (1009,'T1009',null,null,'Azure PSAT','PO-Azure PSAT-97609493',1004);
Insert into bops.PROJECT_SUBTEAM_INFO (SUB_TEAM_ID,CODE,CREATED_DATE,LAST_MODIFIED_DATE,NAME,PO_ID,TEAM_ID) values (1010,'T1010',null,null,'ABTS','PO-ABTS-97544826',1005);
Insert into bops.PROJECT_SUBTEAM_INFO (SUB_TEAM_ID,CODE,CREATED_DATE,LAST_MODIFIED_DATE,NAME,PO_ID,TEAM_ID) values (1011,'T1011',null,null,'Retail','PO-Retail-97544826',1005);
Insert into bops.PROJECT_SUBTEAM_INFO (SUB_TEAM_ID,CODE,CREATED_DATE,LAST_MODIFIED_DATE,NAME,PO_ID,TEAM_ID) values (1012,'T1012',null,null,'CUSP','PO-CUSP-97544826',1005);
Insert into bops.PROJECT_SUBTEAM_INFO (SUB_TEAM_ID,CODE,CREATED_DATE,LAST_MODIFIED_DATE,NAME,PO_ID,TEAM_ID) values (1013,'T1013',null,null,'IT Pro Pulse','PO-IT Pro Pulse-97544826',1005);
Insert into bops.PROJECT_SUBTEAM_INFO (SUB_TEAM_ID,CODE,CREATED_DATE,LAST_MODIFIED_DATE,NAME,PO_ID,TEAM_ID) values (1014,'T1014',null,null,'Cross-team','PO-Cross-team-97544826',1005);
Insert into bops.PROJECT_SUBTEAM_INFO (SUB_TEAM_ID,CODE,CREATED_DATE,LAST_MODIFIED_DATE,NAME,PO_ID,TEAM_ID) values (1015,'T1015',null,null,'ROaD','PO-ROaD-97523835',1006);
Insert into bops.PROJECT_SUBTEAM_INFO (SUB_TEAM_ID,CODE,CREATED_DATE,LAST_MODIFIED_DATE,NAME,PO_ID,TEAM_ID) values (1016,'T1016',null,null,'ROaD','PO-ROaD-97523835',1006);
Insert into bops.PROJECT_SUBTEAM_INFO (SUB_TEAM_ID,CODE,CREATED_DATE,LAST_MODIFIED_DATE,NAME,PO_ID,TEAM_ID) values (1017,'T1017',null,null,'ROaD','PO-ROaD-97523835',1006);
Insert into bops.PROJECT_SUBTEAM_INFO (SUB_TEAM_ID,CODE,CREATED_DATE,LAST_MODIFIED_DATE,NAME,PO_ID,TEAM_ID) values (1018,'T1018',null,null,'RIO(Research intelligence and opportunities)',null,1007);


Insert into bops.CLIENT_INFO (CLIENT_ID,CREATED_DATE,LAST_MODIFIED_DATE,NAME,SUB_TEAM_ID) values (1000,null,null,'Kishore Krishna',1000);
Insert into bops.CLIENT_INFO (CLIENT_ID,CREATED_DATE,LAST_MODIFIED_DATE,NAME,SUB_TEAM_ID) values (1001,null,null,'Michele Garner',1000);
Insert into bops.CLIENT_INFO (CLIENT_ID,CREATED_DATE,LAST_MODIFIED_DATE,NAME,SUB_TEAM_ID) values (1002,null,null,'Kate Weymer',1000);
Insert into bops.CLIENT_INFO (CLIENT_ID,CREATED_DATE,LAST_MODIFIED_DATE,NAME,SUB_TEAM_ID) values (1003,null,null,'Jim Yang',1000);


Insert into bops.ACCOUNT_TEAM_MULTI (TEAM_ID,ACCOUNT_ID) values (1000,1021);
Insert into bops.ACCOUNT_TEAM_MULTI (TEAM_ID,ACCOUNT_ID) values (1001,1021);
Insert into bops.ACCOUNT_TEAM_MULTI (TEAM_ID,ACCOUNT_ID) values (1002,1021);
Insert into bops.ACCOUNT_TEAM_MULTI (TEAM_ID,ACCOUNT_ID) values (1003,1021);
Insert into bops.ACCOUNT_TEAM_MULTI (TEAM_ID,ACCOUNT_ID) values (1004,1021);
Insert into bops.ACCOUNT_TEAM_MULTI (TEAM_ID,ACCOUNT_ID) values (1005,1021);
Insert into bops.ACCOUNT_TEAM_MULTI (TEAM_ID,ACCOUNT_ID) values (1006,1021);
Insert into bops.ACCOUNT_TEAM_MULTI (TEAM_ID,ACCOUNT_ID) values (1007,1021);
Insert into bops.ACCOUNT_TEAM_MULTI (TEAM_ID,ACCOUNT_ID) values (1008,1022);
Insert into bops.ACCOUNT_TEAM_MULTI (TEAM_ID,ACCOUNT_ID) values (1008,1023);
Insert into bops.ACCOUNT_TEAM_MULTI (TEAM_ID,ACCOUNT_ID) values (1008,1024);
Insert into bops.ACCOUNT_TEAM_MULTI (TEAM_ID,ACCOUNT_ID) values (1008,1025);
Insert into bops.ACCOUNT_TEAM_MULTI (TEAM_ID,ACCOUNT_ID) values (1008,1026);
Insert into bops.ACCOUNT_TEAM_MULTI (TEAM_ID,ACCOUNT_ID) values (1009,1027);
Insert into bops.ACCOUNT_TEAM_MULTI (TEAM_ID,ACCOUNT_ID) values (1009,1028);
Insert into bops.ACCOUNT_TEAM_MULTI (TEAM_ID,ACCOUNT_ID) values (1009,1029);
Insert into bops.ACCOUNT_TEAM_MULTI (TEAM_ID,ACCOUNT_ID) values (1009,1030);

flush query cache;
reset query cache;